type,repo_name,actor_login,event,issue_url,html_url,title,created_at
IssuesEvent,twbs/bootstrap,mdo,"closed","https://api.github.com/repos/twbs/bootstrap/issues/15603","https://github.com/twbs/bootstrap/issues/15603","checkbox/radio issues",2015-01-20 07:55:26.000000
IssuesEvent,twbs/bootstrap,Nagle,"opened","https://api.github.com/repos/twbs/bootstrap/issues/15510","https://github.com/twbs/bootstrap/issues/15510","Heading + Small + Pulling",2015-01-07 00:00:05.000000
IssuesEvent,twbs/bootstrap,cvrebert,"closed","https://api.github.com/repos/twbs/bootstrap/issues/15535","https://github.com/twbs/bootstrap/issues/15535","'use strict' error in jshint?",2015-01-13 20:26:06.000000
IssuesEvent,twbs/bootstrap,xabra,"closed","https://api.github.com/repos/twbs/bootstrap/issues/15554","https://github.com/twbs/bootstrap/issues/15554","Horizontal Description List breaks when <dd></dd> element is empty",2015-01-13 20:34:47.000000
IssuesEvent,twbs/bootstrap,mdo,"closed","https://api.github.com/repos/twbs/bootstrap/issues/15552","https://github.com/twbs/bootstrap/issues/15552","support for <form> around navbar for asp.net webforms masterpage",2015-01-13 20:49:39.000000
IssuesEvent,twbs/bootstrap,mdo,"closed","https://api.github.com/repos/twbs/bootstrap/issues/15556","https://github.com/twbs/bootstrap/issues/15556","Tooltip font in 3.3.1 set to default",2015-01-13 20:50:22.000000
IssuesEvent,twbs/bootstrap,cvrebert,"closed","https://api.github.com/repos/twbs/bootstrap/issues/15625","https://github.com/twbs/bootstrap/issues/15625","box-sizing support for Firefox <= 28 and Android <= 2.3",2015-01-21 17:53:37.000000
IssuesEvent,twbs/bootstrap,samarthsikotara,"opened","https://api.github.com/repos/twbs/bootstrap/issues/15488","https://github.com/twbs/bootstrap/issues/15488","Bootstrap Carousel slider not showing item contents in firefox",2015-01-04 18:43:42.000000
IssuesEvent,twbs/bootstrap,cvrebert,"closed","https://api.github.com/repos/twbs/bootstrap/issues/15544","https://github.com/twbs/bootstrap/issues/15544","Modal underneath content",2015-01-12 08:22:35.000000
IssuesEvent,twbs/bootstrap,bearded-avenger,"opened","https://api.github.com/repos/twbs/bootstrap/issues/15543","https://github.com/twbs/bootstrap/issues/15543","Normalize.less causing span bug within contenteditable regions with Chrome",2015-01-11 20:17:01.000000
IssuesEvent,twbs/bootstrap,browniebroke,"opened","https://api.github.com/repos/twbs/bootstrap/issues/15528","https://github.com/twbs/bootstrap/issues/15528","Affix sidebar width changes",2015-01-09 13:40:09.000000
IssuesEvent,twbs/bootstrap,matherton,"opened","https://api.github.com/repos/twbs/bootstrap/issues/15529","https://github.com/twbs/bootstrap/issues/15529","IE8 first select class=\""form-control\""",2015-01-09 13:42:04.000000
IssuesEvent,twbs/bootstrap,mdo,"closed","https://api.github.com/repos/twbs/bootstrap/issues/15523","https://github.com/twbs/bootstrap/issues/15523","Off Canvas Does Not Show Full-Height Sidebar",2015-01-18 06:59:51.000000
IssuesEvent,twbs/bootstrap,cvrebert,"closed","https://api.github.com/repos/twbs/bootstrap/issues/15419","https://github.com/twbs/bootstrap/issues/15419","Glyphicon unicode BMP",2015-01-01 00:11:30.000000
IssuesEvent,twbs/bootstrap,cvrebert,"closed","https://api.github.com/repos/twbs/bootstrap/issues/14937","https://github.com/twbs/bootstrap/issues/14937","Carousel code partially doesn't use vendor-prefixes mixins",2015-01-01 00:11:45.000000
IssuesEvent,twbs/bootstrap,cvrebert,"closed","https://api.github.com/repos/twbs/bootstrap/issues/15288","https://github.com/twbs/bootstrap/issues/15288","Autocomplete control within table is cut off",2015-01-01 00:12:41.000000
IssuesEvent,twbs/bootstrap,cvrebert,"closed","https://api.github.com/repos/twbs/bootstrap/issues/15538","https://github.com/twbs/bootstrap/issues/15538","abusing the priviliage of stupidity ",2015-01-10 19:09:11.000000
IssuesEvent,twbs/bootstrap,preventsenior,"opened","https://api.github.com/repos/twbs/bootstrap/issues/15634","https://github.com/twbs/bootstrap/issues/15634","Carousel slide direction",2015-01-22 09:22:30.000000
IssuesEvent,twbs/bootstrap,ronypur,"opened","https://api.github.com/repos/twbs/bootstrap/issues/15706","https://github.com/twbs/bootstrap/issues/15706","navbar-text floating to right in top fixed fluid container navbar issue in 3.3.2",2015-01-30 09:35:31.000000
IssuesEvent,twbs/bootstrap,RayFromTLC,"opened","https://api.github.com/repos/twbs/bootstrap/issues/15545","https://github.com/twbs/bootstrap/issues/15545","Bootstrap. Newbie needs advice",2015-01-12 10:38:28.000000
IssuesEvent,twbs/bootstrap,nitrog7,"opened","https://api.github.com/repos/twbs/bootstrap/issues/15685","https://github.com/twbs/bootstrap/issues/15685","LESS files in nom package.json",2015-01-28 03:15:54.000000
IssuesEvent,twbs/bootstrap,cvrebert,"opened","https://api.github.com/repos/twbs/bootstrap/issues/15712","https://github.com/twbs/bootstrap/issues/15712","Add example of how to use grid system within a modal",2015-01-30 21:26:37.000000
IssuesEvent,twbs/bootstrap,balashoff,"opened","https://api.github.com/repos/twbs/bootstrap/issues/15598","https://github.com/twbs/bootstrap/issues/15598","add own icons to icon set",2015-01-19 06:13:47.000000
IssuesEvent,twbs/bootstrap,beefydog,"opened","https://api.github.com/repos/twbs/bootstrap/issues/15552","https://github.com/twbs/bootstrap/issues/15552","support for form tag in asp.net masterpage (webforms) for the navbar",2015-01-13 02:00:45.000000
IssuesEvent,twbs/bootstrap,BingoKELE,"opened","https://api.github.com/repos/twbs/bootstrap/issues/15502","https://github.com/twbs/bootstrap/issues/15502","hello word",2015-01-06 08:52:16.000000
IssuesEvent,twbs/bootstrap,patrickhlauke,"closed","https://api.github.com/repos/twbs/bootstrap/issues/15502","https://github.com/twbs/bootstrap/issues/15502","hello word",2015-01-06 08:55:17.000000
IssuesEvent,twbs/bootstrap,ppumkin,"opened","https://api.github.com/repos/twbs/bootstrap/issues/15514","https://github.com/twbs/bootstrap/issues/15514","Minor CSS Issue",2015-01-07 14:42:05.000000
IssuesEvent,twbs/bootstrap,mewsoft,"opened","https://api.github.com/repos/twbs/bootstrap/issues/15549","https://github.com/twbs/bootstrap/issues/15549","Bootstrap show wrong media query on Android",2015-01-12 19:02:22.000000
IssuesEvent,twbs/bootstrap,cvrebert,"closed","https://api.github.com/repos/twbs/bootstrap/issues/15127","https://github.com/twbs/bootstrap/issues/15127","Document usage of Bootstrap's npm package",2015-01-15 02:52:20.000000
IssuesEvent,twbs/bootstrap,mdo,"closed","https://api.github.com/repos/twbs/bootstrap/issues/15636","https://github.com/twbs/bootstrap/issues/15636","Glyphicon height offset issue",2015-01-22 20:08:12.000000
IssuesEvent,twbs/bootstrap,technotronic12,"opened","https://api.github.com/repos/twbs/bootstrap/issues/15701","https://github.com/twbs/bootstrap/issues/15701","tooltip destroy does not work",2015-01-29 18:39:25.000000
IssuesEvent,twbs/bootstrap,cvrebert,"closed","https://api.github.com/repos/twbs/bootstrap/issues/15700","https://github.com/twbs/bootstrap/issues/15700","RTL official",2015-01-29 18:57:42.000000
IssuesEvent,twbs/bootstrap,blatan,"opened","https://api.github.com/repos/twbs/bootstrap/issues/15631","https://github.com/twbs/bootstrap/issues/15631","Different line-height in .form-control and .btn",2015-01-21 23:25:26.000000
IssuesEvent,twbs/bootstrap,Nikolay-Lipovtsev,"opened","https://api.github.com/repos/twbs/bootstrap/issues/15571","https://github.com/twbs/bootstrap/issues/15571","Not the correct size in the text input if I use the .form-group-lg in a horizontal form",2015-01-15 05:04:02.000000
IssuesEvent,twbs/bootstrap,cvrebert,"closed","https://api.github.com/repos/twbs/bootstrap/issues/15555","https://github.com/twbs/bootstrap/issues/15555","Clarify that .form-inline & .form-horizontal work fine on <divs> etc. too",2015-01-15 05:07:29.000000
IssuesEvent,twbs/bootstrap,cvrebert,"closed","https://api.github.com/repos/twbs/bootstrap/issues/15643","https://github.com/twbs/bootstrap/issues/15643","tooltip in navbar doesn't work",2015-01-22 22:18:29.000000
IssuesEvent,twbs/bootstrap,cvrebert,"closed","https://api.github.com/repos/twbs/bootstrap/issues/15529","https://github.com/twbs/bootstrap/issues/15529","IE8 first select class=\""form-control\""",2015-01-15 07:51:30.000000
IssuesEvent,twbs/bootstrap,comerc,"reopened","https://api.github.com/repos/twbs/bootstrap/issues/15483","https://github.com/twbs/bootstrap/issues/15483","Modal dialog: scroll-area without shadow",2015-01-09 07:35:16.000000
IssuesEvent,twbs/bootstrap,saas786,"opened","https://api.github.com/repos/twbs/bootstrap/issues/15535","https://github.com/twbs/bootstrap/issues/15535","'use strict' error in jshint?",2015-01-10 07:24:25.000000
IssuesEvent,twbs/bootstrap,baskerville,"opened","https://api.github.com/repos/twbs/bootstrap/issues/15635","https://github.com/twbs/bootstrap/issues/15635","Missing color variables",2015-01-22 10:00:02.000000
IssuesEvent,twbs/bootstrap,neesonqk,"opened","https://api.github.com/repos/twbs/bootstrap/issues/15636","https://github.com/twbs/bootstrap/issues/15636","Glyphicon height offset issue",2015-01-22 10:16:10.000000
IssuesEvent,twbs/bootstrap,comerc,"opened","https://api.github.com/repos/twbs/bootstrap/issues/15483","https://github.com/twbs/bootstrap/issues/15483","Modal dialog: scroll-area without shadow",2015-01-02 09:32:03.000000
IssuesEvent,twbs/bootstrap,SergiuTripon,"opened","https://api.github.com/repos/twbs/bootstrap/issues/15707","https://github.com/twbs/bootstrap/issues/15707",".btn-group-justified - not responsive on small screens",2015-01-30 11:34:34.000000
IssuesEvent,twbs/bootstrap,flevour,"opened","https://api.github.com/repos/twbs/bootstrap/issues/15512","https://github.com/twbs/bootstrap/issues/15512","Navbar example uses markup against doc recomendations ",2015-01-07 12:11:12.000000
IssuesEvent,twbs/bootstrap,vasena,"opened","https://api.github.com/repos/twbs/bootstrap/issues/15602","https://github.com/twbs/bootstrap/issues/15602","visible scroll in modal dialog on table-responsive dropdown",2015-01-19 11:44:07.000000
IssuesEvent,twbs/bootstrap,shkarupa-alex,"opened","https://api.github.com/repos/twbs/bootstrap/issues/15622","https://github.com/twbs/bootstrap/issues/15622",".tables-responsive doesn't work inside .media-body",2015-01-21 09:11:19.000000
IssuesEvent,twbs/bootstrap,franz-josef-kaiser,"opened","https://api.github.com/repos/twbs/bootstrap/issues/15623","https://github.com/twbs/bootstrap/issues/15623","Wrong calculation of .container variables",2015-01-21 09:28:09.000000
IssuesEvent,twbs/bootstrap,cvrebert,"opened","https://api.github.com/repos/twbs/bootstrap/issues/15624","https://github.com/twbs/bootstrap/issues/15624","v3.3.4 ship list",2015-01-21 09:29:53.000000
IssuesEvent,twbs/bootstrap,cheezedigital,"opened","https://api.github.com/repos/twbs/bootstrap/issues/15538","https://github.com/twbs/bootstrap/issues/15538","abusing the priviliage of stupidity ",2015-01-10 16:36:52.000000
IssuesEvent,twbs/bootstrap,cvrebert,"opened","https://api.github.com/repos/twbs/bootstrap/issues/15500","https://github.com/twbs/bootstrap/issues/15500","Document that tooltip methods are async",2015-01-06 02:19:37.000000
IssuesEvent,twbs/bootstrap,cvrebert,"closed","https://api.github.com/repos/twbs/bootstrap/issues/15387","https://github.com/twbs/bootstrap/issues/15387","Can't repeatedly create and destroy tooltip",2015-01-06 02:20:10.000000
IssuesEvent,twbs/bootstrap,cvrebert,"closed","https://api.github.com/repos/twbs/bootstrap/issues/15639","https://github.com/twbs/bootstrap/issues/15639","Animate.css + bootstrap (FireFox)",2015-01-22 17:56:09.000000
IssuesEvent,twbs/bootstrap,mewsoft,"opened","https://api.github.com/repos/twbs/bootstrap/issues/15642","https://github.com/twbs/bootstrap/issues/15642","Suggestion for Breadcrumb",2015-01-22 17:59:28.000000
IssuesEvent,twbs/bootstrap,juthilo,"closed","https://api.github.com/repos/twbs/bootstrap/issues/15613","https://github.com/twbs/bootstrap/issues/15613","Multiple Dropdown Example",2015-01-20 14:10:13.000000
IssuesEvent,twbs/bootstrap,bastienmoulia,"opened","https://api.github.com/repos/twbs/bootstrap/issues/15617","https://github.com/twbs/bootstrap/issues/15617","There is 2 glyphicon euro in the doc",2015-01-20 14:43:36.000000
IssuesEvent,twbs/bootstrap,comerc,"opened","https://api.github.com/repos/twbs/bootstrap/issues/15486","https://github.com/twbs/bootstrap/issues/15486","FEATURE REQUEST: border style for focused [contenteditable] element",2015-01-04 07:33:41.000000
IssuesEvent,twbs/bootstrap,jesusprubio,"opened","https://api.github.com/repos/twbs/bootstrap/issues/15638","https://github.com/twbs/bootstrap/issues/15638","Browserify pollution global namespace ",2015-01-22 11:57:17.000000
IssuesEvent,twbs/bootstrap,cvrebert,"closed","https://api.github.com/repos/twbs/bootstrap/issues/15614","https://github.com/twbs/bootstrap/issues/15614","Add prefix to class and data names to prevent clashes",2015-01-20 19:27:37.000000
IssuesEvent,twbs/bootstrap,browniebroke,"closed","https://api.github.com/repos/twbs/bootstrap/issues/15528","https://github.com/twbs/bootstrap/issues/15528","Affix sidebar width changes",2015-01-10 10:03:23.000000
IssuesEvent,twbs/bootstrap,Lukino2000,"opened","https://api.github.com/repos/twbs/bootstrap/issues/15536","https://github.com/twbs/bootstrap/issues/15536","form-control-static does not take into account form-group-sm and lg",2015-01-10 10:39:46.000000
IssuesEvent,twbs/bootstrap,vasena,"opened","https://api.github.com/repos/twbs/bootstrap/issues/15696","https://github.com/twbs/bootstrap/issues/15696","disabled in btn-group (checkboxes or radios) on data-toggle=buttons",2015-01-29 12:29:15.000000
IssuesEvent,twbs/bootstrap,rz,"opened","https://api.github.com/repos/twbs/bootstrap/issues/15530","https://github.com/twbs/bootstrap/issues/15530","nested columns .col-*-1 overflow ",2015-01-09 18:12:57.000000
IssuesEvent,twbs/bootstrap,bbodenmiller,"opened","https://api.github.com/repos/twbs/bootstrap/issues/15540","https://github.com/twbs/bootstrap/issues/15540","Tooltip not activating/closing with disabled item inside div",2015-01-11 06:04:10.000000
IssuesEvent,twbs/bootstrap,mdo,"closed","https://api.github.com/repos/twbs/bootstrap/issues/15403","https://github.com/twbs/bootstrap/issues/15403","Add search feature to the docs",2015-01-04 03:07:00.000000
IssuesEvent,twbs/bootstrap,Prismapanda,"opened","https://api.github.com/repos/twbs/bootstrap/issues/15493","https://github.com/twbs/bootstrap/issues/15493","Improve visibility of text in <small> elements within panel-title of panel-primary",2015-01-05 17:55:11.000000
IssuesEvent,twbs/bootstrap,mdo,"closed","https://api.github.com/repos/twbs/bootstrap/issues/15142","https://github.com/twbs/bootstrap/issues/15142","Dropup without .btn-group does not work correctly.",2015-01-18 21:41:43.000000
IssuesEvent,twbs/bootstrap,cvrebert,"opened","https://api.github.com/repos/twbs/bootstrap/issues/15597","https://github.com/twbs/bootstrap/issues/15597",".dropup should be mentioned in main Dropdown docs",2015-01-18 21:47:50.000000
IssuesEvent,twbs/bootstrap,redbmk,"opened","https://api.github.com/repos/twbs/bootstrap/issues/15632","https://github.com/twbs/bootstrap/issues/15632","Firefox hangs on to tooltip after the item has been disabled and/or destroyed",2015-01-22 01:05:15.000000
IssuesEvent,twbs/bootstrap,hn1,"opened","https://api.github.com/repos/twbs/bootstrap/issues/15574","https://github.com/twbs/bootstrap/issues/15574","Modal Backdrop",2015-01-15 16:07:29.000000
IssuesEvent,twbs/bootstrap,hn1,"opened","https://api.github.com/repos/twbs/bootstrap/issues/15575","https://github.com/twbs/bootstrap/issues/15575","Modal Background",2015-01-15 16:10:07.000000
IssuesEvent,twbs/bootstrap,juthilo,"closed","https://api.github.com/repos/twbs/bootstrap/issues/15575","https://github.com/twbs/bootstrap/issues/15575","Modal Background",2015-01-15 16:29:06.000000
IssuesEvent,twbs/bootstrap,juthilo,"closed","https://api.github.com/repos/twbs/bootstrap/issues/15574","https://github.com/twbs/bootstrap/issues/15574","Modal Backdrop",2015-01-15 16:31:57.000000
IssuesEvent,twbs/bootstrap,mdo,"closed","https://api.github.com/repos/twbs/bootstrap/issues/15526","https://github.com/twbs/bootstrap/issues/15526","how to use different CSS in differne resolution",2015-01-09 02:18:46.000000
IssuesEvent,twbs/bootstrap,olafguesswhapp,"opened","https://api.github.com/repos/twbs/bootstrap/issues/15664","https://github.com/twbs/bootstrap/issues/15664","Navbar: width of parent-entity <a> retains natural width of scaled down child-img",2015-01-24 19:10:37.000000
IssuesEvent,twbs/bootstrap,cvrebert,"closed","https://api.github.com/repos/twbs/bootstrap/issues/15664","https://github.com/twbs/bootstrap/issues/15664","Navbar: width of parent-entity <a> retains natural width of scaled down child-img",2015-01-24 19:35:06.000000
IssuesEvent,twbs/bootstrap,UPanel,"opened","https://api.github.com/repos/twbs/bootstrap/issues/15546","https://github.com/twbs/bootstrap/issues/15546","bar appears",2015-01-12 15:00:10.000000
IssuesEvent,twbs/bootstrap,UPanel,"closed","https://api.github.com/repos/twbs/bootstrap/issues/15546","https://github.com/twbs/bootstrap/issues/15546","bar appears",2015-01-12 15:12:30.000000
IssuesEvent,twbs/bootstrap,UPanel,"reopened","https://api.github.com/repos/twbs/bootstrap/issues/15546","https://github.com/twbs/bootstrap/issues/15546","bar appears",2015-01-12 15:12:31.000000
IssuesEvent,twbs/bootstrap,UPanel,"closed","https://api.github.com/repos/twbs/bootstrap/issues/15546","https://github.com/twbs/bootstrap/issues/15546","bar appears",2015-01-12 15:17:27.000000
IssuesEvent,twbs/bootstrap,stefanmaric,"opened","https://api.github.com/repos/twbs/bootstrap/issues/15586","https://github.com/twbs/bootstrap/issues/15586","Tag versions on gh-pages branch as well.",2015-01-16 13:34:38.000000
IssuesEvent,twbs/bootstrap,cvrebert,"closed","https://api.github.com/repos/twbs/bootstrap/issues/15646","https://github.com/twbs/bootstrap/issues/15646","* solved *",2015-01-23 16:01:31.000000
IssuesEvent,twbs/bootstrap,cvrebert,"opened","https://api.github.com/repos/twbs/bootstrap/issues/15653","https://github.com/twbs/bootstrap/issues/15653","Document that centering .img-responsive requires .center-block",2015-01-23 16:12:31.000000
IssuesEvent,twbs/bootstrap,powange,"opened","https://api.github.com/repos/twbs/bootstrap/issues/15654","https://github.com/twbs/bootstrap/issues/15654","[bootstrap 3] popover data-animation doesn't work",2015-01-23 16:29:52.000000
IssuesEvent,twbs/bootstrap,Misiu,"opened","https://api.github.com/repos/twbs/bootstrap/issues/15689","https://github.com/twbs/bootstrap/issues/15689","[feature request] add step component",2015-01-28 14:15:55.000000
IssuesEvent,twbs/bootstrap,petrgrishin,"opened","https://api.github.com/repos/twbs/bootstrap/issues/15690","https://github.com/twbs/bootstrap/issues/15690","[v2.3.*] Fix infinite focus loop in modal",2015-01-28 14:52:11.000000
IssuesEvent,twbs/bootstrap,end-user,"opened","https://api.github.com/repos/twbs/bootstrap/issues/15691","https://github.com/twbs/bootstrap/issues/15691","empty form-control-static block changes height uniformity",2015-01-28 14:57:03.000000
IssuesEvent,twbs/bootstrap,gareth-gillman,"opened","https://api.github.com/repos/twbs/bootstrap/issues/15485","https://github.com/twbs/bootstrap/issues/15485","Feedback idea: color attributes in separate css file",2015-01-03 19:03:44.000000
IssuesEvent,twbs/bootstrap,pavelhoral,"opened","https://api.github.com/repos/twbs/bootstrap/issues/15718","https://github.com/twbs/bootstrap/issues/15718","Add support for modals with forced scrollbars (`overflow-y: scroll`)",2015-01-31 20:48:24.000000
IssuesEvent,twbs/bootstrap,mdo,"closed","https://api.github.com/repos/twbs/bootstrap/issues/15565","https://github.com/twbs/bootstrap/issues/15565","button link hover style not linked to link hover style",2015-01-15 23:36:21.000000
IssuesEvent,twbs/bootstrap,mdo,"closed","https://api.github.com/repos/twbs/bootstrap/issues/15568","https://github.com/twbs/bootstrap/issues/15568","Add flexgrid note to docs",2015-01-15 23:45:18.000000
IssuesEvent,twbs/bootstrap,cvrebert,"closed","https://api.github.com/repos/twbs/bootstrap/issues/15572","https://github.com/twbs/bootstrap/issues/15572",".transition-property mixin with multiple values",2015-01-15 23:49:32.000000
IssuesEvent,twbs/bootstrap,cvrebert,"closed","https://api.github.com/repos/twbs/bootstrap/issues/15332","https://github.com/twbs/bootstrap/issues/15332","Document example of using feedback icons with input groups.",2015-01-15 23:49:50.000000
IssuesEvent,twbs/bootstrap,QuentinFchx,"opened","https://api.github.com/repos/twbs/bootstrap/issues/15561","https://github.com/twbs/bootstrap/issues/15561",".btn-group-xs does not shrink nested badges",2015-01-14 13:56:43.000000
IssuesEvent,twbs/bootstrap,DanielApt,"closed","https://api.github.com/repos/twbs/bootstrap/issues/15521","https://github.com/twbs/bootstrap/issues/15521","v3.3.0 & v3.3.1: Tooltips and popovers with selector throw an error when being destroyed",2015-01-08 16:52:30.000000
IssuesEvent,twbs/bootstrap,DanielApt,"reopened","https://api.github.com/repos/twbs/bootstrap/issues/15521","https://github.com/twbs/bootstrap/issues/15521","v3.3.0 & v3.3.1: Tooltips and popovers with selector throw an error when being destroyed",2015-01-08 16:52:33.000000
IssuesEvent,twbs/bootstrap,hardikidea,"opened","https://api.github.com/repos/twbs/bootstrap/issues/15613","https://github.com/twbs/bootstrap/issues/15613","Multiple Dropdown Example",2015-01-20 09:25:43.000000
IssuesEvent,twbs/bootstrap,cvrebert,"closed","https://api.github.com/repos/twbs/bootstrap/issues/12832","https://github.com/twbs/bootstrap/issues/12832","sticky :hover on mobile causes bad UX for button checkbox/radio groups toggle",2015-01-21 08:02:11.000000
IssuesEvent,twbs/bootstrap,teken,"opened","https://api.github.com/repos/twbs/bootstrap/issues/15505","https://github.com/twbs/bootstrap/issues/15505","Bootstrap Multi Tab Switching Issue",2015-01-06 11:31:10.000000
IssuesEvent,twbs/bootstrap,cvrebert,"closed","https://api.github.com/repos/twbs/bootstrap/issues/15505","https://github.com/twbs/bootstrap/issues/15505","Bootstrap Multi Tab Switching Issue",2015-01-06 11:52:52.000000
IssuesEvent,twbs/bootstrap,danfitz36,"opened","https://api.github.com/repos/twbs/bootstrap/issues/15565","https://github.com/twbs/bootstrap/issues/15565","button link hover style not linked to link hover style",2015-01-14 22:32:32.000000
IssuesEvent,twbs/bootstrap,cvrebert,"closed","https://api.github.com/repos/twbs/bootstrap/issues/15690","https://github.com/twbs/bootstrap/issues/15690","[v2.3.*] Fix infinite focus loop in modal",2015-01-28 16:40:43.000000
IssuesEvent,twbs/bootstrap,cvrebert,"closed","https://api.github.com/repos/twbs/bootstrap/issues/15689","https://github.com/twbs/bootstrap/issues/15689","[feature request] add step component",2015-01-28 16:44:27.000000
IssuesEvent,twbs/bootstrap,xabra,"opened","https://api.github.com/repos/twbs/bootstrap/issues/15554","https://github.com/twbs/bootstrap/issues/15554","Horizontal Description List breaks when <dd></dd> element is empty",2015-01-13 05:55:14.000000
IssuesEvent,twbs/bootstrap,kwladyka,"opened","https://api.github.com/repos/twbs/bootstrap/issues/15541","https://github.com/twbs/bootstrap/issues/15541","Natural language forms",2015-01-11 14:14:39.000000
IssuesEvent,twbs/bootstrap,cvrebert,"closed","https://api.github.com/repos/twbs/bootstrap/issues/15434","https://github.com/twbs/bootstrap/issues/15434","tooltip placement problem",2015-01-05 22:31:14.000000
IssuesEvent,twbs/bootstrap,jfoegen,"opened","https://api.github.com/repos/twbs/bootstrap/issues/15603","https://github.com/twbs/bootstrap/issues/15603","checkbox/radio issues",2015-01-19 16:00:23.000000
IssuesEvent,twbs/bootstrap,mdo,"closed","https://api.github.com/repos/twbs/bootstrap/issues/15103","https://github.com/twbs/bootstrap/issues/15103","v3.3.2 ship list",2015-01-19 16:38:03.000000
IssuesEvent,twbs/bootstrap,cvrebert,"reopened","https://api.github.com/repos/twbs/bootstrap/issues/15359","https://github.com/twbs/bootstrap/issues/15359","How to avoid tooltips adding `title` & `data-original-title` attributes to DOM?",2015-01-19 16:59:59.000000
IssuesEvent,twbs/bootstrap,cvrebert,"closed","https://api.github.com/repos/twbs/bootstrap/issues/15612","https://github.com/twbs/bootstrap/issues/15612","v3.3.2 NuGet package?",2015-01-20 01:28:30.000000
IssuesEvent,twbs/bootstrap,cvrebert,"closed","https://api.github.com/repos/twbs/bootstrap/issues/15481","https://github.com/twbs/bootstrap/issues/15481","modal stops showing after a few shows/hides",2015-01-12 05:02:33.000000
IssuesEvent,twbs/bootstrap,mdo,"closed","https://api.github.com/repos/twbs/bootstrap/issues/12832","https://github.com/twbs/bootstrap/issues/12832","sticky :hover on mobile causes bad UX for button checkbox/radio groups toggle",2015-01-18 20:01:56.000000
IssuesEvent,twbs/bootstrap,mdo,"closed","https://api.github.com/repos/twbs/bootstrap/issues/12373","https://github.com/twbs/bootstrap/issues/12373","Affix Plugin Flickering at bottom in IE (8 - 11)",2015-01-18 20:02:35.000000
IssuesEvent,twbs/bootstrap,mdo,"closed","https://api.github.com/repos/twbs/bootstrap/issues/13613","https://github.com/twbs/bootstrap/issues/13613","affix-top is not applied properly on Windows Chrome (& IE11?)",2015-01-18 20:02:55.000000
IssuesEvent,twbs/bootstrap,mdo,"closed","https://api.github.com/repos/twbs/bootstrap/issues/14738","https://github.com/twbs/bootstrap/issues/14738","Affix problem, bouncing at the bottom on scroll",2015-01-18 20:04:29.000000
IssuesEvent,twbs/bootstrap,mdo,"closed","https://api.github.com/repos/twbs/bootstrap/issues/14905","https://github.com/twbs/bootstrap/issues/14905","Customizer's issues",2015-01-18 20:04:36.000000
IssuesEvent,twbs/bootstrap,mdo,"closed","https://api.github.com/repos/twbs/bootstrap/issues/15032","https://github.com/twbs/bootstrap/issues/15032","Affix top and bottom problems with sticky header and footer layout",2015-01-18 20:04:41.000000
IssuesEvent,twbs/bootstrap,mdo,"closed","https://api.github.com/repos/twbs/bootstrap/issues/15113","https://github.com/twbs/bootstrap/issues/15113","menu options in getbootstrap.com",2015-01-18 20:12:04.000000
IssuesEvent,twbs/bootstrap,mdo,"closed","https://api.github.com/repos/twbs/bootstrap/issues/15130","https://github.com/twbs/bootstrap/issues/15130","Clarification on \""Context-specific usage\""",2015-01-18 20:12:53.000000
IssuesEvent,twbs/bootstrap,mdo,"closed","https://api.github.com/repos/twbs/bootstrap/issues/15155","https://github.com/twbs/bootstrap/issues/15155","The .navbar-toggle Button Moves Outside the Viewport",2015-01-18 20:13:11.000000
IssuesEvent,twbs/bootstrap,cvrebert,"closed","https://api.github.com/repos/twbs/bootstrap/issues/15595","https://github.com/twbs/bootstrap/issues/15595","Problem triggering a modal from menu dropdown on mobile",2015-01-18 20:20:48.000000
IssuesEvent,twbs/bootstrap,mdo,"closed","https://api.github.com/repos/twbs/bootstrap/issues/15270","https://github.com/twbs/bootstrap/issues/15270","Nested .btn-group not rounded if only child",2015-01-18 20:26:50.000000
IssuesEvent,twbs/bootstrap,mdo,"closed","https://api.github.com/repos/twbs/bootstrap/issues/15186","https://github.com/twbs/bootstrap/issues/15186","Prevent Tab link to add active class to Parent li",2015-01-18 20:32:23.000000
IssuesEvent,twbs/bootstrap,cvrebert,"closed","https://api.github.com/repos/twbs/bootstrap/issues/15277","https://github.com/twbs/bootstrap/issues/15277","Can dismissible popover work without href=\""#\"" ?",2015-01-18 20:53:46.000000
IssuesEvent,twbs/bootstrap,patrickhlauke,"closed","https://api.github.com/repos/twbs/bootstrap/issues/15696","https://github.com/twbs/bootstrap/issues/15696","disabled in btn-group (checkboxes or radios) on data-toggle=buttons",2015-01-29 19:08:00.000000
IssuesEvent,twbs/bootstrap,mdo,"closed","https://api.github.com/repos/twbs/bootstrap/issues/15541","https://github.com/twbs/bootstrap/issues/15541","\""Mad Libs\""-style forms",2015-01-12 06:37:31.000000
IssuesEvent,twbs/bootstrap,shotaK,"closed","https://api.github.com/repos/twbs/bootstrap/issues/15679","https://github.com/twbs/bootstrap/issues/15679","Warning:Ruh roh! Problem parsing or compiling Less files. Error: missing opening `(`",2015-01-27 14:37:33.000000
IssuesEvent,twbs/bootstrap,mdo,"closed","https://api.github.com/repos/twbs/bootstrap/issues/15631","https://github.com/twbs/bootstrap/issues/15631","Different line-height in .form-control and .btn",2015-01-22 02:43:02.000000
IssuesEvent,twbs/bootstrap,mdo,"closed","https://api.github.com/repos/twbs/bootstrap/issues/15486","https://github.com/twbs/bootstrap/issues/15486","add box shadow style for focused [contenteditable] element",2015-01-22 02:43:39.000000
IssuesEvent,twbs/bootstrap,mdo,"closed","https://api.github.com/repos/twbs/bootstrap/issues/15626","https://github.com/twbs/bootstrap/issues/15626","[I'm not sure if this is a bug] .panel-heading custom colours",2015-01-22 02:47:43.000000
IssuesEvent,twbs/bootstrap,mdo,"closed","https://api.github.com/repos/twbs/bootstrap/issues/15561","https://github.com/twbs/bootstrap/issues/15561",".btn-group-xs does not shrink nested badges",2015-01-22 02:52:13.000000
IssuesEvent,twbs/bootstrap,mdo,"closed","https://api.github.com/repos/twbs/bootstrap/issues/15602","https://github.com/twbs/bootstrap/issues/15602","visible x-axis scrollbar in table-responsive with dropdown",2015-01-22 02:53:30.000000
IssuesEvent,twbs/bootstrap,adrianpuescu,"opened","https://api.github.com/repos/twbs/bootstrap/issues/15572","https://github.com/twbs/bootstrap/issues/15572",".transition-property mixin with multiple values",2015-01-15 14:01:11.000000
IssuesEvent,twbs/bootstrap,jylertones,"opened","https://api.github.com/repos/twbs/bootstrap/issues/15515","https://github.com/twbs/bootstrap/issues/15515","Tooltip in narrow window does not position correctly and causes flicker",2015-01-07 20:02:47.000000
IssuesEvent,twbs/bootstrap,timo002,"opened","https://api.github.com/repos/twbs/bootstrap/issues/15680","https://github.com/twbs/bootstrap/issues/15680","Carousel.js error on scrolling",2015-01-27 15:16:29.000000
IssuesEvent,twbs/bootstrap,timo002,"closed","https://api.github.com/repos/twbs/bootstrap/issues/15680","https://github.com/twbs/bootstrap/issues/15680","Carousel.js error after 5 seconds",2015-01-27 15:27:25.000000
IssuesEvent,twbs/bootstrap,mdo,"closed","https://api.github.com/repos/twbs/bootstrap/issues/15536","https://github.com/twbs/bootstrap/issues/15536","form-control-static does not take into account form-group-sm and lg",2015-01-16 00:05:02.000000
IssuesEvent,twbs/bootstrap,mdo,"closed","https://api.github.com/repos/twbs/bootstrap/issues/15530","https://github.com/twbs/bootstrap/issues/15530","grid variation without column padding",2015-01-16 00:38:48.000000
IssuesEvent,twbs/bootstrap,dapperdanhorvath,"opened","https://api.github.com/repos/twbs/bootstrap/issues/15492","https://github.com/twbs/bootstrap/issues/15492","Modal background scrollable on iOS devices",2015-01-05 15:34:43.000000
IssuesEvent,twbs/bootstrap,asok17,"opened","https://api.github.com/repos/twbs/bootstrap/issues/15548","https://github.com/twbs/bootstrap/issues/15548","Column margin top when viewing < 768px",2015-01-12 18:19:44.000000
IssuesEvent,twbs/bootstrap,patrickhlauke,"closed","https://api.github.com/repos/twbs/bootstrap/issues/15713","https://github.com/twbs/bootstrap/issues/15713","How to access global vars in Meteor?",2015-01-31 12:01:54.000000
IssuesEvent,twbs/bootstrap,juthilo,"closed","https://api.github.com/repos/twbs/bootstrap/issues/15361","https://github.com/twbs/bootstrap/issues/15361","When screen width is 720px or less, glyphicon is taller than input control in one input group",2015-01-08 14:29:02.000000
IssuesEvent,twbs/bootstrap,mdo,"closed","https://api.github.com/repos/twbs/bootstrap/issues/15598","https://github.com/twbs/bootstrap/issues/15598","add own icons to icon set",2015-01-19 10:24:23.000000
IssuesEvent,twbs/bootstrap,cweinreben,"opened","https://api.github.com/repos/twbs/bootstrap/issues/15601","https://github.com/twbs/bootstrap/issues/15601","Position of X-UA-Compatible <meta> tag should be mentioned in the \""Browser and device support\"" doc",2015-01-19 10:33:05.000000
IssuesEvent,twbs/bootstrap,cvrebert,"closed","https://api.github.com/repos/twbs/bootstrap/issues/15671","https://github.com/twbs/bootstrap/issues/15671","BS 3.3.2 is not available on Nuget yet",2015-01-26 21:09:52.000000
IssuesEvent,twbs/bootstrap,rasca,"opened","https://api.github.com/repos/twbs/bootstrap/issues/15672","https://github.com/twbs/bootstrap/issues/15672","Table breaks inside collapsible panel",2015-01-26 21:12:20.000000
IssuesEvent,twbs/bootstrap,bradlis7,"opened","https://api.github.com/repos/twbs/bootstrap/issues/15692","https://github.com/twbs/bootstrap/issues/15692","Add .list-group-condensed",2015-01-28 21:56:12.000000
IssuesEvent,twbs/bootstrap,hn1,"opened","https://api.github.com/repos/twbs/bootstrap/issues/15579","https://github.com/twbs/bootstrap/issues/15579","Modal Dialog",2015-01-16 01:14:17.000000
IssuesEvent,twbs/bootstrap,cvrebert,"closed","https://api.github.com/repos/twbs/bootstrap/issues/15500","https://github.com/twbs/bootstrap/issues/15500","Document that tooltip methods are async",2015-01-16 01:22:17.000000
IssuesEvent,twbs/bootstrap,cvrebert,"closed","https://api.github.com/repos/twbs/bootstrap/issues/15579","https://github.com/twbs/bootstrap/issues/15579","Modal Dialog",2015-01-16 01:23:29.000000
IssuesEvent,twbs/bootstrap,cvrebert,"closed","https://api.github.com/repos/twbs/bootstrap/issues/15634","https://github.com/twbs/bootstrap/issues/15634","Carousel slide direction",2015-01-30 01:51:23.000000
IssuesEvent,twbs/bootstrap,dapperdanhorvath,"closed","https://api.github.com/repos/twbs/bootstrap/issues/15492","https://github.com/twbs/bootstrap/issues/15492","Modal background scrollable on iOS devices",2015-01-05 18:09:01.000000
IssuesEvent,twbs/bootstrap,patrickhlauke,"closed","https://api.github.com/repos/twbs/bootstrap/issues/15666","https://github.com/twbs/bootstrap/issues/15666","anchor tag data not accessible when clicking on glyphicons inside the anchor tag",2015-01-25 13:42:19.000000
IssuesEvent,twbs/bootstrap,cvrebert,"closed","https://api.github.com/repos/twbs/bootstrap/issues/15717","https://github.com/twbs/bootstrap/issues/15717","add variable for RTL support",2015-01-31 23:13:10.000000
IssuesEvent,twbs/bootstrap,dondi,"opened","https://api.github.com/repos/twbs/bootstrap/issues/15607","https://github.com/twbs/bootstrap/issues/15607","tooltip/popover 'destroy' needs event",2015-01-19 21:28:13.000000
IssuesEvent,twbs/bootstrap,cvrebert,"opened","https://api.github.com/repos/twbs/bootstrap/issues/15608","https://github.com/twbs/bootstrap/issues/15608","Derivation of @popover-max-width's value?",2015-01-19 21:29:20.000000
IssuesEvent,twbs/bootstrap,adam-garrow,"opened","https://api.github.com/repos/twbs/bootstrap/issues/15609","https://github.com/twbs/bootstrap/issues/15609","class=\""active\"" not updating",2015-01-19 21:56:24.000000
IssuesEvent,twbs/bootstrap,enriqg9,"closed","https://api.github.com/repos/twbs/bootstrap/issues/15248","https://github.com/twbs/bootstrap/issues/15248","Affix jumps before returning to its original position",2015-01-21 05:30:23.000000
IssuesEvent,twbs/bootstrap,draganbabic,"opened","https://api.github.com/repos/twbs/bootstrap/issues/15615","https://github.com/twbs/bootstrap/issues/15615",".media-body element not spanning full width",2015-01-20 11:42:21.000000
IssuesEvent,twbs/bootstrap,joao-gsneto,"opened","https://api.github.com/repos/twbs/bootstrap/issues/15655","https://github.com/twbs/bootstrap/issues/15655","Provides a \""col-all-1..12\"" class",2015-01-23 18:16:53.000000
IssuesEvent,twbs/bootstrap,mdo,"closed","https://api.github.com/repos/twbs/bootstrap/issues/15655","https://github.com/twbs/bootstrap/issues/15655","Provides a \""col-all-1..12\"" class",2015-01-23 18:21:04.000000
IssuesEvent,twbs/bootstrap,cvrebert,"closed","https://api.github.com/repos/twbs/bootstrap/issues/15128","https://github.com/twbs/bootstrap/issues/15128","Customizer doesn't report if there's an error in the configuration",2015-01-08 19:12:22.000000
IssuesEvent,twbs/bootstrap,cvrebert,"closed","https://api.github.com/repos/twbs/bootstrap/issues/15201","https://github.com/twbs/bootstrap/issues/15201","Standalone Collapse Component Broken",2015-01-08 19:22:22.000000
IssuesEvent,twbs/bootstrap,mewsoft,"opened","https://api.github.com/repos/twbs/bootstrap/issues/15523","https://github.com/twbs/bootstrap/issues/15523","Bootstrap Off Canvas Does Not Show Full Height SideBar",2015-01-08 19:58:28.000000
IssuesEvent,twbs/bootstrap,cvrebert,"closed","https://api.github.com/repos/twbs/bootstrap/issues/15675","https://github.com/twbs/bootstrap/issues/15675","Is line-height of input redundancy ?",2015-01-27 16:30:13.000000
IssuesEvent,twbs/bootstrap,cvrebert,"closed","https://api.github.com/repos/twbs/bootstrap/issues/15513","https://github.com/twbs/bootstrap/issues/15513","Dreamweaver crashes opening HTML or PHP files calling Boostrap 3 files",2015-01-07 18:07:39.000000
IssuesEvent,twbs/bootstrap,cvrebert,"closed","https://api.github.com/repos/twbs/bootstrap/issues/15514","https://github.com/twbs/bootstrap/issues/15514","Minor CSS Issue",2015-01-07 18:10:47.000000
IssuesEvent,twbs/bootstrap,mdo,"closed","https://api.github.com/repos/twbs/bootstrap/issues/15512","https://github.com/twbs/bootstrap/issues/15512","Navbar example uses markup against doc recomendations ",2015-01-07 18:28:19.000000
IssuesEvent,twbs/bootstrap,lchoros,"opened","https://api.github.com/repos/twbs/bootstrap/issues/15506","https://github.com/twbs/bootstrap/issues/15506","Carousel example",2015-01-06 16:22:24.000000
IssuesEvent,twbs/bootstrap,Reusistic,"opened","https://api.github.com/repos/twbs/bootstrap/issues/15667","https://github.com/twbs/bootstrap/issues/15667","Adding a box behind the text",2015-01-25 16:55:39.000000
IssuesEvent,twbs/bootstrap,kkirsche,"closed","https://api.github.com/repos/twbs/bootstrap/issues/15190","https://github.com/twbs/bootstrap/issues/15190","JQMIGRATE: jQuery.fn.attr('checked') may use property instead of attribute ",2015-01-21 16:40:47.000000
IssuesEvent,twbs/bootstrap,rhill45,"closed","https://api.github.com/repos/twbs/bootstrap/issues/15489","https://github.com/twbs/bootstrap/issues/15489","v3.3.1 possible issue with long modal being unscrollable",2015-01-06 23:57:06.000000
IssuesEvent,twbs/bootstrap,rhill45,"closed","https://api.github.com/repos/twbs/bootstrap/issues/15508","https://github.com/twbs/bootstrap/issues/15508",".modal('show') method does not run when executed within the hidden.bs.modal event",2015-01-06 23:59:28.000000
IssuesEvent,twbs/bootstrap,Nemo64,"opened","https://api.github.com/repos/twbs/bootstrap/issues/15668","https://github.com/twbs/bootstrap/issues/15668","affix bottom fails if position wasn't relative",2015-01-26 11:35:18.000000
IssuesEvent,twbs/bootstrap,morgan-linux,"opened","https://api.github.com/repos/twbs/bootstrap/issues/15669","https://github.com/twbs/bootstrap/issues/15669","Bootstrap displays double scrollbar on modals",2015-01-26 11:45:04.000000
IssuesEvent,twbs/bootstrap,chet28,"opened","https://api.github.com/repos/twbs/bootstrap/issues/15547","https://github.com/twbs/bootstrap/issues/15547","Issues with carousel when using SASS bootstrap",2015-01-12 17:24:40.000000
IssuesEvent,twbs/bootstrap,cvrebert,"closed","https://api.github.com/repos/twbs/bootstrap/issues/15547","https://github.com/twbs/bootstrap/issues/15547","Issues with carousel when using SASS bootstrap",2015-01-12 17:44:06.000000
IssuesEvent,twbs/bootstrap,mdo,"closed","https://api.github.com/repos/twbs/bootstrap/issues/15642","https://github.com/twbs/bootstrap/issues/15642","Suggestion for Breadcrumb",2015-01-22 18:52:58.000000
IssuesEvent,twbs/bootstrap,jesusprubio,"closed","https://api.github.com/repos/twbs/bootstrap/issues/15638","https://github.com/twbs/bootstrap/issues/15638","Browserify pollution global namespace ",2015-01-22 18:56:37.000000
IssuesEvent,twbs/bootstrap,Mohammad7070,"opened","https://api.github.com/repos/twbs/bootstrap/issues/15700","https://github.com/twbs/bootstrap/issues/15700","RTL oficial",2015-01-29 16:52:41.000000
IssuesEvent,twbs/bootstrap,cvrebert,"closed","https://api.github.com/repos/twbs/bootstrap/issues/14776","https://github.com/twbs/bootstrap/issues/14776","scrollspy.js: multiple data targets",2015-01-14 01:00:32.000000
IssuesEvent,twbs/bootstrap,cvrebert,"closed","https://api.github.com/repos/twbs/bootstrap/issues/15465","https://github.com/twbs/bootstrap/issues/15465","Document that calling tooltip/popover .show()/.hide() qualifies as manual triggering",2015-01-14 01:09:01.000000
IssuesEvent,twbs/bootstrap,mujuburcs,"opened","https://api.github.com/repos/twbs/bootstrap/issues/15490","https://github.com/twbs/bootstrap/issues/15490",".col-md-1 elements are displayed in block Level elements in IE 8",2015-01-05 10:12:12.000000
IssuesEvent,twbs/bootstrap,cvrebert,"closed","https://api.github.com/repos/twbs/bootstrap/issues/15521","https://github.com/twbs/bootstrap/issues/15521","v3.3.0 & v3.3.1: Tooltips and popovers with selector throw an error when being destroyed",2015-01-08 17:00:00.000000
IssuesEvent,twbs/bootstrap,whardier,"opened","https://api.github.com/repos/twbs/bootstrap/issues/15702","https://github.com/twbs/bootstrap/issues/15702","navbar-fixed-top issue between 3.2.0 and 3.3.x",2015-01-29 21:42:21.000000
IssuesEvent,twbs/bootstrap,cvrebert,"closed","https://api.github.com/repos/twbs/bootstrap/issues/15537","https://github.com/twbs/bootstrap/issues/15537","When i click on tab i lose data and code not looping throw Model again ?",2015-01-10 23:31:20.000000
IssuesEvent,twbs/bootstrap,Tiscs,"opened","https://api.github.com/repos/twbs/bootstrap/issues/15677","https://github.com/twbs/bootstrap/issues/15677","Black lines in modal on IE 11, Bootstrap version 3.3.2",2015-01-27 10:34:45.000000
IssuesEvent,twbs/bootstrap,mdo,"closed","https://api.github.com/repos/twbs/bootstrap/issues/15587","https://github.com/twbs/bootstrap/issues/15587",".media-left should use margin instead of padding",2015-01-16 21:34:10.000000
IssuesEvent,twbs/bootstrap,mdo,"closed","https://api.github.com/repos/twbs/bootstrap/issues/15588","https://github.com/twbs/bootstrap/issues/15588","Chrome doesn't honor border-radius on <select>s",2015-01-16 21:34:54.000000
IssuesEvent,twbs/bootstrap,mdo,"closed","https://api.github.com/repos/twbs/bootstrap/issues/15586","https://github.com/twbs/bootstrap/issues/15586","Tag versions on gh-pages branch as well.",2015-01-16 21:36:19.000000
IssuesEvent,twbs/bootstrap,cvrebert,"closed","https://api.github.com/repos/twbs/bootstrap/issues/15549","https://github.com/twbs/bootstrap/issues/15549","Bootstrap show wrong media query on Android",2015-01-12 21:00:47.000000
IssuesEvent,twbs/bootstrap,juthilo,"closed","https://api.github.com/repos/twbs/bootstrap/issues/15525","https://github.com/twbs/bootstrap/issues/15525","navbar: multiple dropdowns don't work",2015-01-08 23:17:07.000000
IssuesEvent,twbs/bootstrap,artitw,"opened","https://api.github.com/repos/twbs/bootstrap/issues/15666","https://github.com/twbs/bootstrap/issues/15666","anchor tag data not accessible when clicking on glyphicons inside the anchor tag",2015-01-25 10:23:31.000000
IssuesEvent,twbs/bootstrap,saturdaywalkers,"opened","https://api.github.com/repos/twbs/bootstrap/issues/15614","https://github.com/twbs/bootstrap/issues/15614","Add prefix to class and data names to prevent clashes",2015-01-20 10:45:19.000000
IssuesEvent,twbs/bootstrap,cvrebert,"closed","https://api.github.com/repos/twbs/bootstrap/issues/15342","https://github.com/twbs/bootstrap/issues/15342","Modal inside iframe with IE 9",2015-01-05 23:24:16.000000
IssuesEvent,twbs/bootstrap,noilly,"opened","https://api.github.com/repos/twbs/bootstrap/issues/15497","https://github.com/twbs/bootstrap/issues/15497","Glyphicons break large button group",2015-01-05 23:57:45.000000
IssuesEvent,twbs/bootstrap,EngRajabi,"opened","https://api.github.com/repos/twbs/bootstrap/issues/15479","https://github.com/twbs/bootstrap/issues/15479","boostrap rtl",2015-01-01 13:00:29.000000
IssuesEvent,twbs/bootstrap,mdo,"closed","https://api.github.com/repos/twbs/bootstrap/issues/15497","https://github.com/twbs/bootstrap/issues/15497","Glyphicons break .btn-group-lg height in Win Chrome",2015-01-18 23:05:05.000000
IssuesEvent,twbs/bootstrap,Merg1255,"opened","https://api.github.com/repos/twbs/bootstrap/issues/15562","https://github.com/twbs/bootstrap/issues/15562","CSS Image rules standalone class",2015-01-14 15:29:27.000000
IssuesEvent,twbs/bootstrap,mdo,"closed","https://api.github.com/repos/twbs/bootstrap/issues/15485","https://github.com/twbs/bootstrap/issues/15485","Feedback idea: color attributes in separate css file",2015-01-03 23:48:10.000000
IssuesEvent,twbs/bootstrap,ahmedamen,"opened","https://api.github.com/repos/twbs/bootstrap/issues/15537","https://github.com/twbs/bootstrap/issues/15537","When i click on tab i lose data and code not looping throw Model again ?",2015-01-10 14:37:58.000000
IssuesEvent,twbs/bootstrap,cvrebert,"closed","https://api.github.com/repos/twbs/bootstrap/issues/15677","https://github.com/twbs/bootstrap/issues/15677","Black lines in modal on IE 11, Bootstrap version 3.3.2",2015-01-28 18:04:15.000000
IssuesEvent,twbs/bootstrap,cvrebert,"opened","https://api.github.com/repos/twbs/bootstrap/issues/15534","https://github.com/twbs/bootstrap/issues/15534","CSS3 3D transforms for Carousel aren't used in Firefox",2015-01-10 02:07:25.000000
IssuesEvent,twbs/bootstrap,shotaK,"opened","https://api.github.com/repos/twbs/bootstrap/issues/15679","https://github.com/twbs/bootstrap/issues/15679","Warning:Ruh roh! Problem parsing or compiling Less files. Error: missing opening `(`",2015-01-27 13:11:44.000000
IssuesEvent,twbs/bootstrap,nikolas,"opened","https://api.github.com/repos/twbs/bootstrap/issues/15532","https://github.com/twbs/bootstrap/issues/15532","Firefox <select> in modal dialog bug",2015-01-09 20:38:35.000000
IssuesEvent,twbs/bootstrap,OrganicPanda,"opened","https://api.github.com/repos/twbs/bootstrap/issues/15652","https://github.com/twbs/bootstrap/issues/15652","radio-inline/checkbox-inline positioning issue",2015-01-23 15:24:28.000000
IssuesEvent,twbs/bootstrap,cvrebert,"closed","https://api.github.com/repos/twbs/bootstrap/issues/15644","https://github.com/twbs/bootstrap/issues/15644","Incorrect glyphicon displayed inside button",2015-01-23 15:54:55.000000
IssuesEvent,twbs/bootstrap,kittenkong,"opened","https://api.github.com/repos/twbs/bootstrap/issues/15481","https://github.com/twbs/bootstrap/issues/15481","modal stops showing after a few shows/hides",2015-01-02 05:47:53.000000
IssuesEvent,twbs/bootstrap,vamsiampolu,"opened","https://api.github.com/repos/twbs/bootstrap/issues/15517","https://github.com/twbs/bootstrap/issues/15517","Bootstrap modal working incorrectly with bootcards",2015-01-07 23:13:32.000000
IssuesEvent,twbs/bootstrap,cvrebert,"closed","https://api.github.com/repos/twbs/bootstrap/issues/15517","https://github.com/twbs/bootstrap/issues/15517","Bootstrap modal working incorrectly with bootcards",2015-01-07 23:27:31.000000
IssuesEvent,twbs/bootstrap,mdo,"closed","https://api.github.com/repos/twbs/bootstrap/issues/15647","https://github.com/twbs/bootstrap/issues/15647","iPad - Navbar dropdown links do not work",2015-01-30 00:29:35.000000
IssuesEvent,twbs/bootstrap,cvrebert,"closed","https://api.github.com/repos/twbs/bootstrap/issues/15676","https://github.com/twbs/bootstrap/issues/15676","better for popover extend.",2015-01-27 19:30:48.000000
IssuesEvent,twbs/bootstrap,GrantBartlett,"opened","https://api.github.com/repos/twbs/bootstrap/issues/15647","https://github.com/twbs/bootstrap/issues/15647","iPad - Navbar dropdown links do not work",2015-01-23 10:02:58.000000
IssuesEvent,twbs/bootstrap,niftylettuce,"opened","https://api.github.com/repos/twbs/bootstrap/issues/15588","https://github.com/twbs/bootstrap/issues/15588","<select> inside \""input-group\"" with \""input-group-btn\"" border radius issue (Chrome only)",2015-01-16 18:48:34.000000
IssuesEvent,twbs/bootstrap,tomhv,"opened","https://api.github.com/repos/twbs/bootstrap/issues/15684","https://github.com/twbs/bootstrap/issues/15684","input type=\""hidden\"" causes border-radius issues in form.btn-group > .btn",2015-01-27 22:23:14.000000
IssuesEvent,twbs/bootstrap,icai,"opened","https://api.github.com/repos/twbs/bootstrap/issues/15676","https://github.com/twbs/bootstrap/issues/15676","better for popover extend.",2015-01-27 07:20:22.000000
IssuesEvent,twbs/bootstrap,benkennedysnc,"opened","https://api.github.com/repos/twbs/bootstrap/issues/15590","https://github.com/twbs/bootstrap/issues/15590","Tooltip misalignment w/ Horizontal Scrolling",2015-01-16 22:53:52.000000
IssuesEvent,twbs/bootstrap,mstfcbn,"opened","https://api.github.com/repos/twbs/bootstrap/issues/15709","https://github.com/twbs/bootstrap/issues/15709","a question about license",2015-01-30 13:47:55.000000
IssuesEvent,twbs/bootstrap,homerjam,"opened","https://api.github.com/repos/twbs/bootstrap/issues/15568","https://github.com/twbs/bootstrap/issues/15568","Flexbox support",2015-01-14 23:32:08.000000
IssuesEvent,twbs/bootstrap,draganbabic,"closed","https://api.github.com/repos/twbs/bootstrap/issues/15615","https://github.com/twbs/bootstrap/issues/15615",".media-body element not spanning full width",2015-01-21 10:17:05.000000
IssuesEvent,twbs/bootstrap,mdo,"closed","https://api.github.com/repos/twbs/bootstrap/issues/15623","https://github.com/twbs/bootstrap/issues/15623","Wrong calculation of .container variables",2015-01-21 21:07:07.000000
IssuesEvent,twbs/bootstrap,dgofman-equinix,"opened","https://api.github.com/repos/twbs/bootstrap/issues/15629","https://github.com/twbs/bootstrap/issues/15629","\""bottom: 0\"" is missing in Bootstrap v3.3.2 ",2015-01-21 21:10:57.000000
IssuesEvent,twbs/bootstrap,cvrebert,"closed","https://api.github.com/repos/twbs/bootstrap/issues/15617","https://github.com/twbs/bootstrap/issues/15617","There are both .glyphicon-euro and .glyphicon-eur in the doc",2015-01-21 21:17:00.000000
IssuesEvent,twbs/bootstrap,cvrebert,"closed","https://api.github.com/repos/twbs/bootstrap/issues/15629","https://github.com/twbs/bootstrap/issues/15629","\""bottom: 0\"" is missing in Bootstrap v3.3.2 ",2015-01-21 21:18:39.000000
IssuesEvent,twbs/bootstrap,addremove,"opened","https://api.github.com/repos/twbs/bootstrap/issues/15573","https://github.com/twbs/bootstrap/issues/15573","Find if a tooltip of popover is visible",2015-01-15 15:21:00.000000
IssuesEvent,twbs/bootstrap,cvrebert,"closed","https://api.github.com/repos/twbs/bootstrap/issues/15488","https://github.com/twbs/bootstrap/issues/15488","Bootstrap Carousel slider not showing item contents in firefox",2015-01-10 09:52:45.000000
IssuesEvent,twbs/bootstrap,comerc,"closed","https://api.github.com/repos/twbs/bootstrap/issues/15483","https://github.com/twbs/bootstrap/issues/15483","Modal dialog: scroll-area without shadow",2015-01-02 18:18:57.000000
IssuesEvent,twbs/bootstrap,cvrebert,"closed","https://api.github.com/repos/twbs/bootstrap/issues/15571","https://github.com/twbs/bootstrap/issues/15571","Not the correct size in the text input if I use the .form-group-lg in a horizontal form",2015-01-15 06:53:19.000000
IssuesEvent,twbs/bootstrap,mdo,"closed","https://api.github.com/repos/twbs/bootstrap/issues/15709","https://github.com/twbs/bootstrap/issues/15709","a question about license",2015-01-30 16:02:01.000000
IssuesEvent,twbs/bootstrap,mdo,"closed","https://api.github.com/repos/twbs/bootstrap/issues/15707","https://github.com/twbs/bootstrap/issues/15707",".btn-group-justified - not responsive on small screens",2015-01-30 16:03:23.000000
IssuesEvent,twbs/bootstrap,mdo,"closed","https://api.github.com/repos/twbs/bootstrap/issues/15672","https://github.com/twbs/bootstrap/issues/15672","Table breaks inside collapsible panel",2015-01-30 16:05:32.000000
IssuesEvent,twbs/bootstrap,mdo,"closed","https://api.github.com/repos/twbs/bootstrap/issues/15695","https://github.com/twbs/bootstrap/issues/15695","Affix smear in Chrome",2015-01-30 16:06:53.000000
IssuesEvent,twbs/bootstrap,michal222,"opened","https://api.github.com/repos/twbs/bootstrap/issues/15711","https://github.com/twbs/bootstrap/issues/15711","Boostrap Responsive affix",2015-01-30 16:14:41.000000
IssuesEvent,twbs/bootstrap,cvrebert,"closed","https://api.github.com/repos/twbs/bootstrap/issues/15711","https://github.com/twbs/bootstrap/issues/15711","Boostrap Responsive affix",2015-01-30 16:31:01.000000
IssuesEvent,twbs/bootstrap,cvrebert,"reopened","https://api.github.com/repos/twbs/bootstrap/issues/15536","https://github.com/twbs/bootstrap/issues/15536","form-control-static does not take into account form-group-sm and lg",2015-01-30 16:38:19.000000
IssuesEvent,twbs/bootstrap,vsn4ik,"opened","https://api.github.com/repos/twbs/bootstrap/issues/15682","https://github.com/twbs/bootstrap/issues/15682","Size issue on '.caret' on Mozilla Firefox",2015-01-27 21:07:38.000000
IssuesEvent,twbs/bootstrap,andre-d,"opened","https://api.github.com/repos/twbs/bootstrap/issues/15683","https://github.com/twbs/bootstrap/issues/15683","Readonly input should not have a not-allowed cursor",2015-01-27 21:21:37.000000
IssuesEvent,twbs/bootstrap,EngRajabi,"opened","https://api.github.com/repos/twbs/bootstrap/issues/15717","https://github.com/twbs/bootstrap/issues/15717","add variable",2015-01-31 18:57:45.000000
IssuesEvent,twbs/bootstrap,kafoso,"opened","https://api.github.com/repos/twbs/bootstrap/issues/15616","https://github.com/twbs/bootstrap/issues/15616","Popovers: Incorrect offset/position when shown outside viewport",2015-01-20 13:35:15.000000
IssuesEvent,twbs/bootstrap,cvrebert,"closed","https://api.github.com/repos/twbs/bootstrap/issues/15509","https://github.com/twbs/bootstrap/issues/15509","Support RTL",2015-01-07 02:17:52.000000
IssuesEvent,twbs/bootstrap,JetQin,"opened","https://api.github.com/repos/twbs/bootstrap/issues/15715","https://github.com/twbs/bootstrap/issues/15715"," Liquid Exception: cannot load such file -- rouge in components.html",2015-01-31 14:23:43.000000
IssuesEvent,twbs/bootstrap,julianxhokaxhiu,"opened","https://api.github.com/repos/twbs/bootstrap/issues/15625","https://github.com/twbs/bootstrap/issues/15625","box-sizing support for Firefox <= 28 and Android <= 2.3",2015-01-21 14:01:36.000000
IssuesEvent,twbs/bootstrap,zudomc,"opened","https://api.github.com/repos/twbs/bootstrap/issues/15626","https://github.com/twbs/bootstrap/issues/15626","[I'm not sure if this is a bug] .panel-heading custom colours",2015-01-21 14:18:48.000000
IssuesEvent,twbs/bootstrap,amiklosi,"opened","https://api.github.com/repos/twbs/bootstrap/issues/15627","https://github.com/twbs/bootstrap/issues/15627","Popover is not positioned correctly when viewport property is used",2015-01-21 14:22:44.000000
IssuesEvent,twbs/bootstrap,CaptSaltyJack,"opened","https://api.github.com/repos/twbs/bootstrap/issues/15713","https://github.com/twbs/bootstrap/issues/15713","How to access global vars in Meteor?",2015-01-31 09:37:34.000000
IssuesEvent,twbs/bootstrap,joebnb,"opened","https://api.github.com/repos/twbs/bootstrap/issues/15526","https://github.com/twbs/bootstrap/issues/15526","how to use different CSSin ",2015-01-09 01:54:15.000000
IssuesEvent,twbs/bootstrap,cvrebert,"closed","https://api.github.com/repos/twbs/bootstrap/issues/15389","https://github.com/twbs/bootstrap/issues/15389","Content outside modal still accessible while modal is shown",2015-01-05 16:00:57.000000
IssuesEvent,twbs/bootstrap,Profforgr,"opened","https://api.github.com/repos/twbs/bootstrap/issues/15518","https://github.com/twbs/bootstrap/issues/15518","Any way to make close buttons work if using it in non-alerts (like panels)?",2015-01-08 07:23:26.000000
IssuesEvent,twbs/bootstrap,cvrebert,"opened","https://api.github.com/repos/twbs/bootstrap/issues/15519","https://github.com/twbs/bootstrap/issues/15519","Update version of Less.js used in the Customizer",2015-01-08 07:32:19.000000
IssuesEvent,twbs/bootstrap,kwladyka,"opened","https://api.github.com/repos/twbs/bootstrap/issues/15695","https://github.com/twbs/bootstrap/issues/15695","[bug in chrome] Affix smear in chrome",2015-01-29 09:57:52.000000
IssuesEvent,twbs/bootstrap,cvrebert,"opened","https://api.github.com/repos/twbs/bootstrap/issues/15555","https://github.com/twbs/bootstrap/issues/15555","Clarify that .form-inline & .form-horizontal work fine on <divs> etc. too",2015-01-13 10:57:15.000000
IssuesEvent,twbs/bootstrap,cvrebert,"closed","https://api.github.com/repos/twbs/bootstrap/issues/15532","https://github.com/twbs/bootstrap/issues/15532","Linux Firefox <select> in modal dialog bug",2015-01-10 00:47:10.000000
IssuesEvent,twbs/bootstrap,juthilo,"closed","https://api.github.com/repos/twbs/bootstrap/issues/15635","https://github.com/twbs/bootstrap/issues/15635","Missing color variables",2015-01-22 14:06:42.000000
IssuesEvent,twbs/bootstrap,PiKkoO,"opened","https://api.github.com/repos/twbs/bootstrap/issues/15639","https://github.com/twbs/bootstrap/issues/15639","Animate.css + bootstrap (FireFox)",2015-01-22 14:21:21.000000
IssuesEvent,twbs/bootstrap,ricardopolo,"opened","https://api.github.com/repos/twbs/bootstrap/issues/15570","https://github.com/twbs/bootstrap/issues/15570","Tooltip changes content after show",2015-01-15 03:42:21.000000
IssuesEvent,twbs/bootstrap,ricardopolo,"closed","https://api.github.com/repos/twbs/bootstrap/issues/15359","https://github.com/twbs/bootstrap/issues/15359","How to avoid tooltips adding `title` & `data-original-title` attributes to DOM?",2015-01-18 16:07:47.000000
IssuesEvent,twbs/bootstrap,Cederman,"opened","https://api.github.com/repos/twbs/bootstrap/issues/15595","https://github.com/twbs/bootstrap/issues/15595","Problem triggering a modal from menu dropdown on mobile",2015-01-18 16:37:04.000000
IssuesEvent,twbs/bootstrap,alberto-bottarini,"opened","https://api.github.com/repos/twbs/bootstrap/issues/15564","https://github.com/twbs/bootstrap/issues/15564","Difference between carousel.less and boostrap.css",2015-01-14 20:14:54.000000
IssuesEvent,twbs/bootstrap,alberto-bottarini,"closed","https://api.github.com/repos/twbs/bootstrap/issues/15564","https://github.com/twbs/bootstrap/issues/15564","Difference between carousel.less and boostrap.css",2015-01-14 20:31:55.000000
IssuesEvent,twbs/bootstrap,alberto-bottarini,"reopened","https://api.github.com/repos/twbs/bootstrap/issues/15564","https://github.com/twbs/bootstrap/issues/15564","Difference between carousel.less and boostrap.css",2015-01-14 20:32:04.000000
IssuesEvent,twbs/bootstrap,alberto-bottarini,"closed","https://api.github.com/repos/twbs/bootstrap/issues/15564","https://github.com/twbs/bootstrap/issues/15564","Difference between carousel.less and boostrap.css",2015-01-14 20:32:30.000000
IssuesEvent,twbs/bootstrap,birdwing,"opened","https://api.github.com/repos/twbs/bootstrap/issues/15641","https://github.com/twbs/bootstrap/issues/15641","Togglable Tabs with with Templates",2015-01-22 15:30:41.000000
IssuesEvent,twbs/bootstrap,rhill45,"opened","https://api.github.com/repos/twbs/bootstrap/issues/15508","https://github.com/twbs/bootstrap/issues/15508",".modal('show') method does not run when executed within the hidden.bs.modal event",2015-01-06 21:52:43.000000
IssuesEvent,twbs/bootstrap,notflip,"opened","https://api.github.com/repos/twbs/bootstrap/issues/15544","https://github.com/twbs/bootstrap/issues/15544","Modal underneath content",2015-01-12 07:52:34.000000
IssuesEvent,twbs/bootstrap,cvrebert,"closed","https://api.github.com/repos/twbs/bootstrap/issues/15543","https://github.com/twbs/bootstrap/issues/15543","Normalize.less causing span bug within contenteditable regions with Chrome",2015-01-11 22:18:38.000000
IssuesEvent,twbs/bootstrap,Softor,"opened","https://api.github.com/repos/twbs/bootstrap/issues/15675","https://github.com/twbs/bootstrap/issues/15675","Is line-height of input redundancy ?",2015-01-27 06:47:38.000000
IssuesEvent,twbs/bootstrap,joebnb,"opened","https://api.github.com/repos/twbs/bootstrap/issues/15480","https://github.com/twbs/bootstrap/issues/15480","bootstrap css problem",2015-01-01 18:19:53.000000
IssuesEvent,twbs/bootstrap,mdo,"closed","https://api.github.com/repos/twbs/bootstrap/issues/15479","https://github.com/twbs/bootstrap/issues/15479","boostrap rtl",2015-01-01 18:32:18.000000
IssuesEvent,twbs/bootstrap,mdo,"closed","https://api.github.com/repos/twbs/bootstrap/issues/15480","https://github.com/twbs/bootstrap/issues/15480","bootstrap css problem",2015-01-01 18:34:16.000000
IssuesEvent,twbs/bootstrap,cvrebert,"closed","https://api.github.com/repos/twbs/bootstrap/issues/15490","https://github.com/twbs/bootstrap/issues/15490",".col-md-1 elements are displayed in block Level elements in IE 8",2015-01-05 19:42:45.000000
IssuesEvent,twbs/bootstrap,cvrebert,"closed","https://api.github.com/repos/twbs/bootstrap/issues/15393","https://github.com/twbs/bootstrap/issues/15393","Have Bootstrap plugin events forward the underlying originalEvent that caused them",2015-01-05 19:45:58.000000
IssuesEvent,twbs/bootstrap,cvrebert,"closed","https://api.github.com/repos/twbs/bootstrap/issues/15385","https://github.com/twbs/bootstrap/issues/15385","add  delay option for modal",2015-01-05 19:47:56.000000
IssuesEvent,twbs/bootstrap,mschipperheyn,"opened","https://api.github.com/repos/twbs/bootstrap/issues/15587","https://github.com/twbs/bootstrap/issues/15587","Question: .media>.pull-left padding?",2015-01-16 16:58:40.000000
IssuesEvent,twbs/bootstrap,Sultenhest,"opened","https://api.github.com/repos/twbs/bootstrap/issues/15646","https://github.com/twbs/bootstrap/issues/15646","Responsive menu problem",2015-01-23 09:44:15.000000
IssuesEvent,twbs/bootstrap,rhill45,"opened","https://api.github.com/repos/twbs/bootstrap/issues/15489","https://github.com/twbs/bootstrap/issues/15489","v331 possible continued issues with large modal unscrollable",2015-01-04 21:59:56.000000
IssuesEvent,twbs/bootstrap,cvrebert,"reopened","https://api.github.com/repos/twbs/bootstrap/issues/12832","https://github.com/twbs/bootstrap/issues/12832","sticky :hover on mobile causes bad UX for button checkbox/radio groups toggle",2015-01-21 01:43:56.000000
IssuesEvent,twbs/bootstrap,cvrebert,"closed","https://api.github.com/repos/twbs/bootstrap/issues/15609","https://github.com/twbs/bootstrap/issues/15609","class=\""active\"" not updating",2015-01-19 22:10:13.000000
IssuesEvent,twbs/bootstrap,danielnixon,"opened","https://api.github.com/repos/twbs/bootstrap/issues/15610","https://github.com/twbs/bootstrap/issues/15610","Placeholders vs labels",2015-01-19 22:47:21.000000
IssuesEvent,twbs/bootstrap,patrickhlauke,"closed","https://api.github.com/repos/twbs/bootstrap/issues/15545","https://github.com/twbs/bootstrap/issues/15545","Bootstrap. Newbie needs advice",2015-01-12 11:02:44.000000
IssuesEvent,twbs/bootstrap,morgan-linux,"closed","https://api.github.com/repos/twbs/bootstrap/issues/15669","https://github.com/twbs/bootstrap/issues/15669","Bootstrap displays double scrollbar on modals",2015-01-26 14:34:12.000000
IssuesEvent,twbs/bootstrap,mdo,"closed","https://api.github.com/repos/twbs/bootstrap/issues/15562","https://github.com/twbs/bootstrap/issues/15562","CSS Image rules standalone class",2015-01-18 05:09:47.000000
IssuesEvent,twbs/bootstrap,mdo,"closed","https://api.github.com/repos/twbs/bootstrap/issues/15506","https://github.com/twbs/bootstrap/issues/15506","Text rendering temporarily changes during carousel transition in WebKit/Blink",2015-01-18 05:40:52.000000
IssuesEvent,twbs/bootstrap,mdo,"closed","https://api.github.com/repos/twbs/bootstrap/issues/15510","https://github.com/twbs/bootstrap/issues/15510","Heading + Small + Pulling",2015-01-18 05:50:55.000000
IssuesEvent,twbs/bootstrap,mdo,"closed","https://api.github.com/repos/twbs/bootstrap/issues/15493","https://github.com/twbs/bootstrap/issues/15493","Improve visibility of text in <small> elements within panel-title of panel-primary",2015-01-18 05:51:25.000000
IssuesEvent,twbs/bootstrap,kwladyka,"opened","https://api.github.com/repos/twbs/bootstrap/issues/15643","https://github.com/twbs/bootstrap/issues/15643","[bug] tooltip in navbar doesn't work",2015-01-22 21:18:34.000000
IssuesEvent,twbs/bootstrap,onebree,"opened","https://api.github.com/repos/twbs/bootstrap/issues/15644","https://github.com/twbs/bootstrap/issues/15644","Incorrect glyphicon displayed inside button",2015-01-22 21:59:36.000000
IssuesEvent,twbs/bootstrap,mdo,"closed","https://api.github.com/repos/twbs/bootstrap/issues/15692","https://github.com/twbs/bootstrap/issues/15692","Add .list-group-condensed",2015-01-29 15:54:03.000000
IssuesEvent,twbs/bootstrap,wolfy1339,"opened","https://api.github.com/repos/twbs/bootstrap/issues/15525","https://github.com/twbs/bootstrap/issues/15525","navbar: multiple dropdowns don't work",2015-01-08 22:54:45.000000
IssuesEvent,twbs/bootstrap,mdo,"closed","https://api.github.com/repos/twbs/bootstrap/issues/15548","https://github.com/twbs/bootstrap/issues/15548","Add margin-top to columns when they stack",2015-01-12 20:28:40.000000
IssuesEvent,twbs/bootstrap,cvrebert,"closed","https://api.github.com/repos/twbs/bootstrap/issues/15663","https://github.com/twbs/bootstrap/issues/15663","Improve grid system: .float-right-md",2015-01-24 04:40:35.000000
IssuesEvent,twbs/bootstrap,DanielApt,"opened","https://api.github.com/repos/twbs/bootstrap/issues/15521","https://github.com/twbs/bootstrap/issues/15521","Tooltips and popovers with selector throw an error when being destroyed",2015-01-08 13:34:59.000000
IssuesEvent,twbs/bootstrap,gmox,"opened","https://api.github.com/repos/twbs/bootstrap/issues/15487","https://github.com/twbs/bootstrap/issues/15487","Active buttons stay active while focused",2015-01-04 08:25:47.000000
IssuesEvent,twbs/bootstrap,mdo,"closed","https://api.github.com/repos/twbs/bootstrap/issues/14897","https://github.com/twbs/bootstrap/issues/14897","Add permalink on hover in docs headers",2015-01-22 03:21:34.000000
IssuesEvent,twbs/bootstrap,mdo,"closed","https://api.github.com/repos/twbs/bootstrap/issues/15501","https://github.com/twbs/bootstrap/issues/15501","Consider adding \""bootstrap-X.Y.Z/\"" to the zip path of the dist downloads",2015-01-22 03:56:59.000000
IssuesEvent,twbs/bootstrap,jamespavett,"opened","https://api.github.com/repos/twbs/bootstrap/issues/15704","https://github.com/twbs/bootstrap/issues/15704","Small issue with overlapping",2015-01-29 22:04:25.000000
IssuesEvent,twbs/bootstrap,cvrebert,"closed","https://api.github.com/repos/twbs/bootstrap/issues/15704","https://github.com/twbs/bootstrap/issues/15704","Small issue with overlapping",2015-01-29 22:42:35.000000
IssuesEvent,twbs/bootstrap,whardier,"closed","https://api.github.com/repos/twbs/bootstrap/issues/15702","https://github.com/twbs/bootstrap/issues/15702","navbar-fixed-top issue between 3.2.0 and 3.3.x",2015-01-29 22:42:51.000000
IssuesEvent,twbs/bootstrap,whardier,"reopened","https://api.github.com/repos/twbs/bootstrap/issues/15702","https://github.com/twbs/bootstrap/issues/15702","navbar-fixed-top issue between 3.2.0 and 3.3.x",2015-01-29 22:43:16.000000
IssuesEvent,twbs/bootstrap,comerc,"opened","https://api.github.com/repos/twbs/bootstrap/issues/15663","https://github.com/twbs/bootstrap/issues/15663","Improve grid system: .float-right-md",2015-01-24 03:52:58.000000
IssuesEvent,twbs/bootstrap,cvrebert,"closed","https://api.github.com/repos/twbs/bootstrap/issues/15608","https://github.com/twbs/bootstrap/issues/15608","Derivation of @popover-max-width's value?",2015-01-20 00:55:31.000000
IssuesEvent,twbs/bootstrap,enashnash,"opened","https://api.github.com/repos/twbs/bootstrap/issues/15612","https://github.com/twbs/bootstrap/issues/15612","3.3.1 nuget package only includes first 200 glyphicons (60 missing)",2015-01-20 00:58:58.000000
IssuesEvent,twbs/bootstrap,cvrebert,"closed","https://api.github.com/repos/twbs/bootstrap/issues/15667","https://github.com/twbs/bootstrap/issues/15667","Adding a box behind the text",2015-01-25 17:09:25.000000
IssuesEvent,twbs/bootstrap,Khrysller,"opened","https://api.github.com/repos/twbs/bootstrap/issues/15556","https://github.com/twbs/bootstrap/issues/15556","Tooltip font in 3.3.1 set to default",2015-01-13 14:46:51.000000
IssuesEvent,twbs/bootstrap,patrickhlauke,"closed","https://api.github.com/repos/twbs/bootstrap/issues/15487","https://github.com/twbs/bootstrap/issues/15487",":focus and .active styles indistinguishable on toggle buttons",2015-01-04 13:43:06.000000
IssuesEvent,twbs/bootstrap,miksh7,"opened","https://api.github.com/repos/twbs/bootstrap/issues/15671","https://github.com/twbs/bootstrap/issues/15671","BS 3.3.2 is not available on Nuget yet",2015-01-26 18:31:25.000000
